"customer_id","account_id","stage","ed_id","event_name","event_timestamp","journey_steps_until_end","journey_id","milestone_number"
-1759331265,373053416,"Apply for Credit",19,"application_web_view",2022-11-02 00:40:33,1,1,NA
-1759331265,373053416,"Apply for Credit",19,"application_web_view",2022-11-02 00:40:33,2,1,NA
-1759331265,373053416,"Apply for Credit",19,"application_web_view",2022-11-02 00:40:33,3,1,NA
-1759331265,373053416,"Apply for Credit",19,"application_web_view",2022-11-02 00:40:33,4,1,NA
-1759331265,373053416,"Apply for Credit",19,"application_web_view",2022-11-02 00:41:10,5,1,NA
-1759331265,373053416,"Apply for Credit",19,"application_web_view",2022-11-02 00:41:11,6,1,NA
-1759331265,373053416,"Apply for Credit",19,"application_web_view",2022-11-02 00:41:11,7,1,NA
-1759331265,373053416,"Apply for Credit",19,"application_web_view",2022-11-02 00:42:06,8,1,NA
-1759331265,373053416,"Apply for Credit",19,"application_web_view",2022-11-02 00:42:06,9,1,NA
-1759331265,373053416,"Apply for Credit",19,"application_web_view",2022-11-02 00:42:07,10,1,NA
-1759331265,373053416,"Apply for Credit",19,"application_web_view",2022-11-02 00:42:29,11,1,NA
-1759331265,373053416,"Apply for Credit",19,"application_web_view",2022-11-02 00:42:38,12,1,NA
-1759331265,373053416,"Apply for Credit",3,"application_web_submit",2022-11-02 00:43:31,13,1,NA
-1759331265,373053416,"Apply for Credit",19,"application_web_view",2022-11-02 00:43:31,14,1,NA
-1759331265,373053416,"Apply for Credit",19,"application_web_view",2022-11-02 00:43:31,15,1,NA
-1759331265,373053416,"Apply for Credit",19,"application_web_view",2022-11-02 00:43:31,16,1,NA
-1759331265,373053416,"Apply for Credit",12,"application_web_approved",2022-11-02 00:43:38,17,1,1
-1759331265,373053416,"Discover",2,"campaign_click",2022-11-02 06:43:38,18,1,NA
-148843671,-1147405848,"Apply for Credit",19,"application_web_view",2021-03-30 13:51:52,1,1,NA
-148843671,-1147405848,"Apply for Credit",19,"application_web_view",2021-03-30 13:52:38,2,1,NA
-148843671,-1147405848,"Apply for Credit",3,"application_web_submit",2021-03-30 13:52:47,3,1,NA
-148843671,-1147405848,"Apply for Credit",19,"application_web_view",2021-03-30 13:52:47,4,1,NA
-148843671,-1147405848,"Apply for Credit",19,"application_web_view",2021-03-30 13:52:47,5,1,NA
-148843671,-1147405848,"Apply for Credit",12,"application_web_approved",2021-03-30 13:52:56,6,1,1
-148843671,-1147405848,"Apply for Credit",19,"application_web_view",2021-03-30 13:52:58,7,1,NA
-148843671,-1147405848,NA,1,"promotion_created",2021-04-07 12:09:26.75,8,NA,NA
-148843671,-1147405848,NA,1,"promotion_created",2021-05-18 07:01:54.433,9,NA,NA
-148843671,-1147405848,NA,24,"campaignemail_clicked",2021-06-17 20:46:34,10,NA,NA
-148843671,-1147405848,NA,1,"promotion_created",2021-07-08 07:10:07.457,11,NA,NA
-148843671,-1147405848,"First Purchase",4,"browse_products",2021-09-15 11:36:28,12,1,NA
-148843671,-1147405848,"First Purchase",11,"add_to_cart",2021-09-15 11:37:41,13,1,NA
-148843671,-1147405848,"First Purchase",5,"view_cart",2021-09-15 11:38:16,14,1,NA
-148843671,-1147405848,"First Purchase",4,"browse_products",2021-09-15 11:38:58,15,1,NA
-148843671,-1147405848,"First Purchase",4,"browse_products",2021-09-15 11:40:24,16,1,NA
-148843671,-1147405848,"Apply for Credit",19,"application_web_view",2021-09-15 11:41:50,17,1,NA
-148843671,-1147405848,"Apply for Credit",19,"application_web_view",2021-09-15 11:42:55,18,1,NA
-148843671,-1147405848,"Apply for Credit",19,"application_web_view",2021-09-15 11:42:57,19,1,NA
-148843671,-1147405848,"Apply for Credit",19,"application_web_view",2021-09-15 11:43:03,20,1,NA
-148843671,-1147405848,"Apply for Credit",19,"application_web_view",2021-09-15 11:44:05,21,1,NA
-148843671,-1147405848,"Apply for Credit",19,"application_web_view",2021-09-15 11:44:08,22,1,NA
-148843671,-1147405848,"Apply for Credit",19,"application_web_view",2021-09-15 11:44:09,23,1,NA
-148843671,-1147405848,"Apply for Credit",19,"application_web_view",2021-09-15 11:44:39,24,1,NA
-148843671,-1147405848,"Apply for Credit",19,"application_web_view",2021-09-15 11:44:57,25,1,NA
-148843671,-1147405848,"Apply for Credit",3,"application_web_submit",2021-09-15 11:44:58,26,1,NA
-148843671,-1147405848,"Apply for Credit",19,"application_web_view",2021-09-15 11:44:58,27,1,NA
-148843671,-1147405848,"Apply for Credit",19,"application_web_view",2021-09-15 11:44:58,28,1,NA
-148843671,-1147405848,"Apply for Credit",19,"application_web_view",2021-09-15 11:46:00,29,1,NA
-148843671,-1147405848,"Apply for Credit",3,"application_web_submit",2021-09-15 11:46:01,30,1,NA
-148843671,-1147405848,"Apply for Credit",19,"application_web_view",2021-09-15 11:46:01,31,1,NA
-148843671,-1147405848,"Apply for Credit",19,"application_web_view",2021-09-15 11:46:01,32,1,NA
-148843671,-1147405848,NA,1,"promotion_created",2021-09-15 12:16:05.537,33,NA,NA
-148843671,-1147405848,"First Purchase",6,"begin_checkout",2022-02-23 21:19:32,34,1,NA
-148843671,-1147405848,"First Purchase",5,"view_cart",2022-02-23 21:20:22,35,1,NA
-148843671,-1147405848,NA,24,"campaignemail_clicked",2022-02-24 03:15:42,36,NA,NA
-910693447,-535682315,"Apply for Credit",12,"application_web_approved",2022-05-16 02:24:07,1,1,1
-910693447,-535682315,"First Purchase",4,"browse_products",2022-05-16 02:25:30,2,1,NA
-910693447,-535682315,"First Purchase",11,"add_to_cart",2022-05-16 02:25:40,3,1,NA
-910693447,-535682315,"First Purchase",5,"view_cart",2022-05-16 02:26:11,4,1,NA
-910693447,-535682315,"First Purchase",5,"view_cart",2022-05-16 02:26:28,5,1,NA
-910693447,-535682315,"First Purchase",6,"begin_checkout",2022-05-16 02:26:36,6,1,NA
-910693447,-535682315,"First Purchase",5,"view_cart",2022-05-16 02:26:50,7,1,NA
-910693447,-535682315,NA,1,"promotion_created",2022-05-16 02:56:59.123,8,NA,NA
-910693447,-535682315,NA,1,"promotion_created",2022-05-16 02:56:59.15,9,NA,NA
-910693447,-535682315,"Discover",2,"campaign_click",2022-05-16 06:00:00,10,1,NA
-910693447,-535682315,"First Purchase",5,"view_cart",2022-05-31 17:51:22,11,1,NA
-910693447,-535682315,"First Purchase",5,"view_cart",2022-05-31 17:54:45,12,1,NA
-910693447,-535682315,"First Purchase",4,"browse_products",2022-05-31 18:00:39,13,1,NA
-910693447,-535682315,"First Purchase",4,"browse_products",2022-05-31 18:02:39,14,1,NA
-910693447,-535682315,"First Purchase",5,"view_cart",2022-05-31 18:06:05,15,1,NA
-910693447,-535682315,"First Purchase",4,"browse_products",2022-05-31 18:06:11,16,1,NA
-910693447,-535682315,"First Purchase",11,"add_to_cart",2022-05-31 18:06:42,17,1,NA
-910693447,-535682315,"First Purchase",4,"browse_products",2022-05-31 18:06:49,18,1,NA
-910693447,-535682315,"First Purchase",4,"browse_products",2022-05-31 18:08:37,19,1,NA
-910693447,-535682315,"First Purchase",11,"add_to_cart",2022-05-31 18:10:00,20,1,NA
-910693447,-535682315,"First Purchase",4,"browse_products",2022-05-31 18:10:14,21,1,NA
-910693447,-535682315,"First Purchase",4,"browse_products",2022-05-31 18:11:29,22,1,NA
-910693447,-535682315,"First Purchase",11,"add_to_cart",2022-05-31 18:12:18,23,1,NA
-910693447,-535682315,"First Purchase",4,"browse_products",2022-05-31 18:12:26,24,1,NA
-910693447,-535682315,"First Purchase",4,"browse_products",2022-05-31 18:17:29,25,1,NA
-910693447,-535682315,"First Purchase",4,"browse_products",2022-05-31 18:24:38,26,1,NA
-910693447,-535682315,"First Purchase",11,"add_to_cart",2022-05-31 18:24:47,27,1,NA
-910693447,-535682315,"First Purchase",4,"browse_products",2022-05-31 18:24:54,28,1,NA
-910693447,-535682315,"First Purchase",4,"browse_products",2022-05-31 18:33:07,29,1,NA
-910693447,-535682315,"First Purchase",11,"add_to_cart",2022-05-31 18:33:19,30,1,NA
-910693447,-535682315,"First Purchase",4,"browse_products",2022-05-31 18:34:43,31,1,NA
-910693447,-535682315,"First Purchase",11,"add_to_cart",2022-05-31 18:35:03,32,1,NA
-910693447,-535682315,"First Purchase",4,"browse_products",2022-05-31 18:35:09,33,1,NA
-910693447,-535682315,"First Purchase",4,"browse_products",2022-05-31 18:35:52,34,1,NA
-910693447,-535682315,"First Purchase",4,"browse_products",2022-05-31 18:36:38,35,1,NA
-910693447,-535682315,"First Purchase",4,"browse_products",2022-05-31 18:38:08,36,1,NA
-910693447,-535682315,"First Purchase",4,"browse_products",2022-05-31 18:39:40,37,1,NA
-910693447,-535682315,"First Purchase",4,"browse_products",2022-05-31 18:40:50,38,1,NA
-910693447,-535682315,"First Purchase",4,"browse_products",2022-05-31 18:41:37,39,1,NA
-910693447,-535682315,"First Purchase",11,"add_to_cart",2022-05-31 18:42:05,40,1,NA
-910693447,-535682315,"First Purchase",4,"browse_products",2022-05-31 18:42:11,41,1,NA
-910693447,-535682315,"First Purchase",4,"browse_products",2022-05-31 18:43:06,42,1,NA
-910693447,-535682315,"First Purchase",11,"add_to_cart",2022-05-31 18:44:25,43,1,NA
-910693447,-535682315,"First Purchase",4,"browse_products",2022-05-31 18:46:16,44,1,NA
-910693447,-535682315,"First Purchase",11,"add_to_cart",2022-05-31 18:46:25,45,1,NA
-910693447,-535682315,"First Purchase",5,"view_cart",2022-05-31 18:46:33,46,1,NA
-910693447,-535682315,"First Purchase",11,"add_to_cart",2022-05-31 18:50:01,47,1,NA
-910693447,-535682315,"First Purchase",4,"browse_products",2022-05-31 18:50:40,48,1,NA
-910693447,-535682315,"First Purchase",11,"add_to_cart",2022-05-31 18:50:47,49,1,NA
-910693447,-535682315,"First Purchase",5,"view_cart",2022-05-31 18:51:00,50,1,NA
-910693447,-535682315,"First Purchase",6,"begin_checkout",2022-05-31 18:51:57,51,1,NA
-910693447,-535682315,"First Purchase",5,"view_cart",2022-05-31 18:53:00,52,1,NA
-910693447,-535682315,"First Purchase",5,"view_cart",2022-05-31 18:53:21,53,1,NA
-910693447,-535682315,"First Purchase",6,"begin_checkout",2022-05-31 18:53:34,54,1,NA
-910693447,-535682315,"First Purchase",5,"view_cart",2022-05-31 18:55:47,55,1,NA
-910693447,-535682315,"First Purchase",6,"begin_checkout",2022-05-31 18:56:09,56,1,NA
-910693447,-535682315,"First Purchase",5,"view_cart",2022-05-31 18:57:09,57,1,NA
-910693447,-535682315,"First Purchase",6,"begin_checkout",2022-05-31 18:57:19,58,1,NA
-910693447,-535682315,"First Purchase",5,"view_cart",2022-05-31 18:59:37,59,1,NA
-910693447,-535682315,"First Purchase",6,"begin_checkout",2022-05-31 18:59:56,60,1,NA
-910693447,-535682315,"First Purchase",5,"view_cart",2022-05-31 19:00:46,61,1,NA
-910693447,-535682315,"First Purchase",4,"browse_products",2022-05-31 19:03:55,62,1,NA
-910693447,-535682315,"First Purchase",11,"add_to_cart",2022-05-31 19:04:35,63,1,NA
-910693447,-535682315,"First Purchase",5,"view_cart",2022-05-31 19:04:47,64,1,NA
-910693447,-535682315,"First Purchase",6,"begin_checkout",2022-05-31 19:04:57,65,1,NA
-910693447,-535682315,"First Purchase",5,"view_cart",2022-06-04 15:53:23,66,1,NA
-910693447,-535682315,"First Purchase",5,"view_cart",2022-06-04 15:53:23,67,1,NA
-910693447,-535682315,"First Purchase",4,"browse_products",2022-06-04 15:53:47,68,1,NA
-910693447,-535682315,"First Purchase",4,"browse_products",2022-06-04 15:53:47,69,1,NA
-910693447,-535682315,"First Purchase",4,"browse_products",2022-06-04 15:58:57,70,1,NA
-910693447,-535682315,"First Purchase",4,"browse_products",2022-06-04 15:58:57,71,1,NA
-910693447,-535682315,"First Purchase",5,"view_cart",2022-06-04 16:05:16,72,1,NA
-910693447,-535682315,"First Purchase",5,"view_cart",2022-06-04 16:05:16,73,1,NA
-910693447,-535682315,NA,1,"promotion_created",2022-06-07 20:45:55.93,74,NA,NA
-910693447,-535682315,NA,21,"catalog_(mail)",2022-06-13,75,NA,NA
-910693447,-535682315,"First Purchase",5,"view_cart",2022-06-28 01:34:32,76,1,NA
-910693447,-535682315,"First Purchase",4,"browse_products",2022-06-28 01:37:59,77,1,NA
-910693447,-535682315,"First Purchase",11,"add_to_cart",2022-06-28 01:38:32,78,1,NA
-910693447,-535682315,"First Purchase",4,"browse_products",2022-06-28 02:03:15,79,1,NA
-910693447,-535682315,"First Purchase",11,"add_to_cart",2022-06-28 02:06:09,80,1,NA
-910693447,-535682315,"First Purchase",4,"browse_products",2022-06-28 02:12:04,81,1,NA
-910693447,-535682315,"First Purchase",11,"add_to_cart",2022-06-28 02:12:12,82,1,NA
-910693447,-535682315,"First Purchase",5,"view_cart",2022-06-28 02:12:26,83,1,NA
-910693447,-535682315,"First Purchase",6,"begin_checkout",2022-06-28 02:15:33,84,1,NA
-910693447,-535682315,"First Purchase",5,"view_cart",2022-06-28 02:16:32,85,1,NA
-910693447,-535682315,"First Purchase",4,"browse_products",2022-06-28 02:21:58,86,1,NA
-910693447,-535682315,"First Purchase",4,"browse_products",2022-06-28 02:24:39,87,1,NA
-910693447,-535682315,"First Purchase",4,"browse_products",2022-06-28 02:27:25,88,1,NA
-910693447,-535682315,"First Purchase",4,"browse_products",2022-06-28 02:28:32,89,1,NA
-910693447,-535682315,"First Purchase",4,"browse_products",2022-06-28 02:29:00,90,1,NA
-910693447,-535682315,"First Purchase",5,"view_cart",2022-06-28 02:38:16,91,1,NA
-910693447,-535682315,"First Purchase",5,"view_cart",2022-06-28 02:39:25,92,1,NA
-910693447,-535682315,"First Purchase",4,"browse_products",2022-06-28 02:53:16,93,1,NA
-910693447,-535682315,"First Purchase",11,"add_to_cart",2022-06-28 02:53:20,94,1,NA
-910693447,-535682315,"First Purchase",5,"view_cart",2022-06-28 02:59:33,95,1,NA
-910693447,-535682315,"First Purchase",6,"begin_checkout",2022-06-28 02:59:43,96,1,NA
-910693447,-535682315,"First Purchase",5,"view_cart",2022-06-28 03:00:12,97,1,NA
-910693447,-535682315,NA,1,"promotion_created",2022-06-28 03:30:59.767,98,NA,NA
-910693447,-535682315,NA,1,"promotion_created",2022-06-28 03:30:59.807,99,NA,NA
-910693447,-535682315,"First Purchase",5,"view_cart",2022-06-28 10:05:53,100,1,NA
-309338388,-398486780,"Discover",2,"campaign_click",2022-10-18 05:50:56,1,1,NA
-309338388,-398486780,"First Purchase",4,"browse_products",2022-10-18 23:45:16,2,1,NA
-309338388,-398486780,"First Purchase",11,"add_to_cart",2022-10-18 23:45:31,3,1,NA
-309338388,-398486780,"First Purchase",4,"browse_products",2022-10-18 23:45:55,4,1,NA
-309338388,-398486780,"First Purchase",4,"browse_products",2022-10-18 23:46:47,5,1,NA
-309338388,-398486780,"First Purchase",11,"add_to_cart",2022-10-18 23:47:47,6,1,NA
-309338388,-398486780,"First Purchase",5,"view_cart",2022-10-18 23:47:58,7,1,NA
-309338388,-398486780,"First Purchase",6,"begin_checkout",2022-10-18 23:48:20,8,1,NA
-309338388,-398486780,"Apply for Credit",19,"application_web_view",2022-10-18 23:49:19,9,1,NA
-309338388,-398486780,"Apply for Credit",19,"application_web_view",2022-10-18 23:49:20,10,1,NA
-309338388,-398486780,"Apply for Credit",19,"application_web_view",2022-10-18 23:49:24,11,1,NA
-309338388,-398486780,"Apply for Credit",19,"application_web_view",2022-10-18 23:49:59,12,1,NA
-309338388,-398486780,"Apply for Credit",19,"application_web_view",2022-10-18 23:50:00,13,1,NA
-309338388,-398486780,"Apply for Credit",19,"application_web_view",2022-10-18 23:50:00,14,1,NA
-309338388,-398486780,"Apply for Credit",19,"application_web_view",2022-10-18 23:50:12,15,1,NA
-309338388,-398486780,"Apply for Credit",3,"application_web_submit",2022-10-18 23:50:48,16,1,NA
-309338388,-398486780,"Apply for Credit",19,"application_web_view",2022-10-18 23:50:48,17,1,NA
-309338388,-398486780,"Apply for Credit",19,"application_web_view",2022-10-18 23:50:48,18,1,NA
-309338388,-398486780,"Apply for Credit",19,"application_web_view",2022-10-18 23:50:48,19,1,NA
-309338388,-398486780,"Apply for Credit",12,"application_web_approved",2022-10-18 23:50:56,20,1,1
-309338388,-398486780,"First Purchase",6,"begin_checkout",2022-10-18 23:51:17,21,1,NA
-309338388,-398486780,"Credit Account",29,"account_activitation",2022-10-19,22,1,3
-309338388,-398486780,"First Purchase",5,"view_cart",2022-10-19 00:00:03,23,1,NA
-309338388,-398486780,"First Purchase",6,"begin_checkout",2022-10-19 00:00:53,24,1,NA
-309338388,-398486780,"First Purchase",5,"view_cart",2022-10-19 00:03:45,25,1,NA
-309338388,-398486780,"First Purchase",5,"view_cart",2022-10-19 00:03:50,26,1,NA
-309338388,-398486780,"First Purchase",5,"view_cart",2022-10-19 00:03:55,27,1,NA
-309338388,-398486780,"First Purchase",5,"view_cart",2022-10-19 00:03:58,28,1,NA
-309338388,-398486780,"First Purchase",5,"view_cart",2022-10-19 00:04:01,29,1,NA
-309338388,-398486780,"First Purchase",6,"begin_checkout",2022-10-19 00:04:24,30,1,NA
-309338388,-398486780,"First Purchase",5,"view_cart",2022-10-19 00:04:53,31,1,NA
-309338388,-398486780,NA,1,"promotion_created",2022-10-19 00:35:32.097,32,NA,NA
-309338388,-398486780,NA,1,"promotion_created",2022-10-19 00:35:32.15,33,NA,NA
-309338388,-398486780,NA,1,"promotion_created",2022-10-19 00:35:32.167,34,NA,NA
-309338388,-398486780,"First Purchase",5,"view_cart",2022-10-21 15:25:16,35,1,NA
-309338388,-398486780,"First Purchase",5,"view_cart",2022-10-21 15:25:37,36,1,NA
-309338388,-398486780,"First Purchase",5,"view_cart",2022-10-22 16:24:55,37,1,NA
-309338388,-398486780,"First Purchase",4,"browse_products",2022-10-22 16:28:56,38,1,NA
-309338388,-398486780,"First Purchase",4,"browse_products",2022-10-22 16:33:20,39,1,NA
-309338388,-398486780,"First Purchase",4,"browse_products",2022-10-22 16:33:34,40,1,NA
-309338388,-398486780,"First Purchase",11,"add_to_cart",2022-10-22 16:33:45,41,1,NA
-309338388,-398486780,"First Purchase",4,"browse_products",2022-10-22 16:34:16,42,1,NA
-309338388,-398486780,"First Purchase",4,"browse_products",2022-10-22 16:35:40,43,1,NA
-309338388,-398486780,"First Purchase",4,"browse_products",2022-10-22 16:46:51,44,1,NA
-309338388,-398486780,"First Purchase",4,"browse_products",2023-03-22 05:07:48,45,1,NA
-309338388,-398486780,NA,1,"promotion_created",2023-03-29 04:15:48,46,NA,NA
-309338388,-398486780,"First Purchase",6,"begin_checkout",2023-03-29 08:15:07,47,1,NA
-309338388,-398486780,"First Purchase",6,"begin_checkout",2023-03-29 08:15:07,48,1,NA
-309338388,-398486780,"First Purchase",6,"begin_checkout",2023-03-29 08:15:07,49,1,NA
-309338388,-398486780,"First Purchase",6,"begin_checkout",2023-03-29 08:15:07,50,1,NA
-309338388,-398486780,"First Purchase",6,"begin_checkout",2023-03-29 08:15:07,51,1,NA
-309338388,-398486780,"First Purchase",6,"begin_checkout",2023-03-29 08:15:07,52,1,NA
-309338388,-398486780,"First Purchase",5,"view_cart",2023-03-29 08:15:07,53,1,NA
-309338388,-398486780,"First Purchase",5,"view_cart",2023-03-29 08:15:07,54,1,NA
-309338388,-398486780,"First Purchase",5,"view_cart",2023-03-29 08:15:07,55,1,NA
-309338388,-398486780,"First Purchase",5,"view_cart",2023-03-29 08:15:07,56,1,NA
-309338388,-398486780,"First Purchase",5,"view_cart",2023-03-29 08:15:07,57,1,NA
-309338388,-398486780,"First Purchase",5,"view_cart",2023-03-29 08:15:07,58,1,NA
-309338388,-398486780,"First Purchase",5,"view_cart",2023-03-29 08:15:07,59,1,NA
-309338388,-398486780,"First Purchase",5,"view_cart",2023-03-29 08:15:07,60,1,NA
-309338388,-398486780,"First Purchase",5,"view_cart",2023-03-29 08:15:07,61,1,NA
-309338388,-398486780,"First Purchase",11,"add_to_cart",2023-03-29 08:15:07,62,1,NA
-309338388,-398486780,"First Purchase",11,"add_to_cart",2023-03-29 08:15:07,63,1,NA
-309338388,-398486780,"First Purchase",4,"browse_products",2023-03-29 08:15:07,64,1,NA
-309338388,-398486780,"First Purchase",4,"browse_products",2023-03-29 08:15:07,65,1,NA
-309338388,-398486780,"First Purchase",4,"browse_products",2023-03-29 08:15:07,66,1,NA
-309338388,-398486780,"First Purchase",4,"browse_products",2023-03-29 08:15:07,67,1,NA
-309338388,-398486780,"First Purchase",4,"browse_products",2023-03-29 08:15:07,68,1,NA
-309338388,-398486780,"First Purchase",4,"browse_products",2023-03-29 08:15:07,69,1,NA
-309338388,-398486780,"First Purchase",4,"browse_products",2023-03-29 08:15:07,70,1,NA
857705465,-122678199,"Discover",2,"campaign_click",2021-05-22 06:00:00,1,1,NA
857705465,-122678199,NA,22,"pre-application_(3rd_party_affiliates)",2021-05-22 06:00:00,2,NA,NA
857705465,-122678199,"Apply for Credit",12,"application_web_approved",2021-05-22 16:12:47,3,1,1
857705465,-122678199,"Apply for Credit",19,"application_web_view",2021-05-22 16:12:48,4,1,NA
857705465,-122678199,NA,24,"campaignemail_clicked",2021-05-24 20:09:34,5,NA,NA
857705465,-122678199,NA,21,"catalog_(mail)",2021-06-14,6,NA,NA
857705465,-122678199,NA,1,"promotion_created",2021-07-07 23:41:47.717,7,NA,NA
857705465,-122678199,NA,1,"promotion_created",2021-07-08 07:06:27.647,8,NA,NA
857705465,-122678199,NA,1,"promotion_created",2021-08-09 07:11:55.717,9,NA,NA
857705465,-122678199,NA,1,"promotion_created",2021-09-15 23:05:10.647,10,NA,NA
857705465,-122678199,NA,1,"promotion_created",2021-10-08 12:18:02.72,11,NA,NA
857705465,-122678199,NA,1,"promotion_created",2022-02-01 07:20:33.033,12,NA,NA
1085299248,-1758549345,"Discover",2,"campaign_click",2023-02-17 05:53:49,1,1,NA
1085299248,-1758549345,"Apply for Credit",12,"application_web_approved",2023-02-17 23:53:49,2,1,1
1085299248,-1758549345,NA,1,"promotion_created",2023-02-18 00:41:20.233,3,NA,NA
1085299248,-1758549345,NA,1,"promotion_created",2023-02-18 00:41:20.413,4,NA,NA
1085299248,-1758549345,"First Purchase",5,"view_cart",2023-02-18 05:49:20,5,1,NA
1085299248,-1758549345,"First Purchase",5,"view_cart",2023-02-18 05:49:20,6,1,NA
1085299248,-1758549345,"First Purchase",5,"view_cart",2023-02-18 05:49:20,7,1,NA
1085299248,-1758549345,"First Purchase",5,"view_cart",2023-02-18 05:49:20,8,1,NA
1085299248,-1758549345,"First Purchase",4,"browse_products",2023-02-18 05:49:20,9,1,NA
1085299248,-1758549345,"First Purchase",4,"browse_products",2023-02-18 05:49:20,10,1,NA
1085299248,-1758549345,"First Purchase",4,"browse_products",2023-02-18 05:49:20,11,1,NA
1085299248,-1758549345,"First Purchase",6,"begin_checkout",2023-02-18 05:49:20,12,1,NA
1085299248,-1758549345,"First Purchase",11,"add_to_cart",2023-02-18 05:49:20,13,1,NA
1085299248,-1758549345,"First Purchase",11,"add_to_cart",2023-02-18 05:49:20,14,1,NA
1085299248,-1758549345,"First Purchase",7,"place_order_web",2023-02-18 15:50:57,15,1,2
1085299248,-1758549345,"First Purchase",5,"view_cart",2023-02-18 15:50:57,16,1,NA
1085299248,-1758549345,"First Purchase",5,"view_cart",2023-02-18 15:50:57,17,1,NA
1085299248,-1758549345,"First Purchase",5,"view_cart",2023-02-18 15:50:57,18,1,NA
1085299248,-1758549345,"First Purchase",5,"view_cart",2023-02-18 15:50:57,19,1,NA
1085299248,-1758549345,"First Purchase",5,"view_cart",2023-02-18 15:50:57,20,1,NA
1085299248,-1758549345,"First Purchase",4,"browse_products",2023-02-18 15:50:57,21,1,NA
1085299248,-1758549345,"First Purchase",4,"browse_products",2023-02-18 15:50:57,22,1,NA
1085299248,-1758549345,"First Purchase",4,"browse_products",2023-02-18 15:50:57,23,1,NA
1085299248,-1758549345,"First Purchase",4,"browse_products",2023-02-18 15:50:57,24,1,NA
1085299248,-1758549345,"First Purchase",4,"browse_products",2023-02-18 15:50:57,25,1,NA
1085299248,-1758549345,"First Purchase",4,"browse_products",2023-02-18 15:50:57,26,1,NA
1085299248,-1758549345,"First Purchase",4,"browse_products",2023-02-18 15:50:57,27,1,NA
1085299248,-1758549345,"First Purchase",4,"browse_products",2023-02-18 15:50:57,28,1,NA
1085299248,-1758549345,"First Purchase",4,"browse_products",2023-02-18 15:50:57,29,1,NA
1085299248,-1758549345,"First Purchase",4,"browse_products",2023-02-18 15:50:57,30,1,NA
1085299248,-1758549345,"First Purchase",4,"browse_products",2023-02-18 15:50:57,31,1,NA
1085299248,-1758549345,"First Purchase",6,"begin_checkout",2023-02-18 15:50:57,32,1,NA
1085299248,-1758549345,"First Purchase",6,"begin_checkout",2023-02-18 15:50:57,33,1,NA
1085299248,-1758549345,"First Purchase",6,"begin_checkout",2023-02-18 15:50:57,34,1,NA
1085299248,-1758549345,"Downpayment",8,"place_downpayment",2023-02-18 15:50:57,35,1,4
1085299248,-1758549345,"First Purchase",11,"add_to_cart",2023-02-18 15:50:57,36,1,NA
1085299248,-1758549345,"First Purchase",11,"add_to_cart",2023-02-18 15:50:57,37,1,NA
1085299248,-1758549345,"First Purchase",11,"add_to_cart",2023-02-18 15:50:57,38,1,NA
1085299248,-1758549345,"First Purchase",11,"add_to_cart",2023-02-18 15:50:57,39,1,NA
1085299248,-1758549345,"Credit Account",29,"account_activitation",2023-02-19,40,1,3
1085299248,-1758549345,"Downpayment",27,"account_downpaymentcleared",2023-02-20,41,1,5
1085299248,-1758549345,"Order Shipped",28,"order_shipped",2023-02-21,42,1,6
-1601586042,-1077798432,"Apply for Credit",19,"application_web_view",2021-01-15 07:51:53,1,1,NA
-1601586042,-1077798432,"Apply for Credit",19,"application_web_view",2021-01-15 07:52:44,2,1,NA
-1601586042,-1077798432,"Apply for Credit",19,"application_web_view",2021-01-15 07:52:53,3,1,NA
-1601586042,-1077798432,"Apply for Credit",3,"application_web_submit",2021-01-15 07:52:53,4,1,NA
-1601586042,-1077798432,"Apply for Credit",19,"application_web_view",2021-01-15 07:52:54,5,1,NA
-1601586042,-1077798432,"Apply for Credit",12,"application_web_approved",2021-01-15 07:53:05,6,1,1
-1601586042,-1077798432,"Apply for Credit",19,"application_web_view",2021-01-15 07:53:07,7,1,NA
-1601586042,-1077798432,"Discover",23,"site_registration",2021-01-15 07:55:10,8,1,NA
-1601586042,-1077798432,"First Purchase",4,"browse_products",2021-01-15 07:56:43,9,1,NA
-1601586042,-1077798432,"First Purchase",11,"add_to_cart",2021-01-15 07:56:47,10,1,NA
-1601586042,-1077798432,"First Purchase",5,"view_cart",2021-01-15 07:56:52,11,1,NA
-1601586042,-1077798432,"First Purchase",6,"begin_checkout",2021-01-15 07:57:05,12,1,NA
-1601586042,-1077798432,"First Purchase",5,"view_cart",2021-01-15 07:57:24,13,1,NA
-1601586042,-1077798432,NA,1,"promotion_created",2021-02-11 21:17:38.13,14,NA,NA
-1601586042,-1077798432,NA,21,"catalog_(mail)",2021-02-15,15,NA,NA
-1601586042,-1077798432,NA,1,"promotion_created",2021-02-18 12:06:50.753,16,NA,NA
-1601586042,-1077798432,NA,1,"promotion_created",2021-03-08 21:08:58.64,17,NA,NA
-1601586042,-1077798432,NA,21,"catalog_(mail)",2021-03-15,18,NA,NA
-1601586042,-1077798432,NA,1,"promotion_created",2021-03-19 07:18:43.33,19,NA,NA
-1601586042,-1077798432,NA,1,"promotion_created",2021-04-07 07:42:58.23,20,NA,NA
-1601586042,-1077798432,NA,1,"promotion_created",2021-04-07 12:16:14.83,21,NA,NA
-2142274997,729846219,NA,21,"catalog_(mail)",2022-06-06,1,NA,NA
-2142274997,729846219,"Apply for Credit",12,"application_web_approved",2022-06-15 06:09:05,2,1,1
-2142274997,729846219,"Discover",2,"campaign_click",2022-06-15 12:09:05,3,1,NA
-2142274997,729846219,"First Purchase",4,"browse_products",2022-10-01 08:31:10,4,1,NA
-1533741603,1576050497,"First Purchase",6,"begin_checkout",2021-02-13 10:20:08,1,1,NA
-1533741603,1576050497,"Apply for Credit",19,"application_web_view",2021-02-13 10:20:27,2,1,NA
-1533741603,1576050497,"Apply for Credit",19,"application_web_view",2021-02-13 10:21:31,3,1,NA
-1533741603,1576050497,"Apply for Credit",19,"application_web_view",2021-02-13 10:21:44,4,1,NA
-1533741603,1576050497,"Apply for Credit",19,"application_web_view",2021-02-13 10:21:44,5,1,NA
-1533741603,1576050497,"Apply for Credit",19,"application_web_view",2021-02-13 10:21:44,6,1,NA
-1533741603,1576050497,"Apply for Credit",3,"application_web_submit",2021-02-13 10:21:44,7,1,NA
-1533741603,1576050497,"Apply for Credit",12,"application_web_approved",2021-02-13 10:22:03,8,1,1
-1533741603,1576050497,"Apply for Credit",19,"application_web_view",2021-02-13 10:22:04,9,1,NA
-1533741603,1576050497,"First Purchase",4,"browse_products",2021-02-13 10:24:19,10,1,NA
-1533741603,1576050497,"First Purchase",11,"add_to_cart",2021-02-13 10:24:32,11,1,NA
-1533741603,1576050497,"First Purchase",5,"view_cart",2021-02-13 10:24:46,12,1,NA
-1533741603,1576050497,"First Purchase",6,"begin_checkout",2021-02-13 10:25:42,13,1,NA
-1533741603,1576050497,NA,1,"promotion_created",2021-02-18 12:09:04.473,14,NA,NA
-1533741603,1576050497,"First Purchase",4,"browse_products",2021-03-01 20:37:58,15,1,NA
-1533741603,1576050497,"First Purchase",4,"browse_products",2021-03-01 20:43:22,16,1,NA
-1533741603,1576050497,NA,1,"promotion_created",2021-03-01 21:19:01.7,17,NA,NA
-1533741603,1576050497,NA,1,"promotion_created",2021-03-01 21:19:01.717,18,NA,NA
-1533741603,1576050497,"Credit Account",29,"account_activitation",2021-03-02,19,1,3
-1533741603,1576050497,"First Purchase",4,"browse_products",2021-03-02 17:07:28,20,1,NA
-1533741603,1576050497,"First Purchase",11,"add_to_cart",2021-03-02 17:07:43,21,1,NA
-1533741603,1576050497,"First Purchase",4,"browse_products",2021-03-02 17:09:06,22,1,NA
-1533741603,1576050497,"First Purchase",11,"add_to_cart",2021-03-02 17:09:19,23,1,NA
-1533741603,1576050497,"First Purchase",5,"view_cart",2021-03-02 17:09:28,24,1,NA
-1533741603,1576050497,"First Purchase",4,"browse_products",2021-03-02 17:10:50,25,1,NA
-1533741603,1576050497,"First Purchase",11,"add_to_cart",2021-03-02 17:10:56,26,1,NA
-1533741603,1576050497,"First Purchase",5,"view_cart",2021-03-02 17:11:08,27,1,NA
-1533741603,1576050497,"First Purchase",6,"begin_checkout",2021-03-02 17:11:16,28,1,NA
-1533741603,1576050497,"Downpayment",8,"place_downpayment",2021-03-02 17:13:54,29,1,4
-1533741603,1576050497,"First Purchase",7,"place_order_web",2021-03-02 17:13:54,30,1,2
-1533741603,1576050497,"Downpayment",8,"place_downpayment",2021-03-02 18:52:12,31,1,4
-1533741603,1576050497,"Downpayment",27,"account_downpaymentcleared",2021-03-04,32,1,5
-1533741603,1576050497,"Order Shipped",28,"order_shipped",2021-03-08,33,1,6
-850705597,-1826574735,"Apply for Credit",12,"application_web_approved",2021-11-29 22:25:54,1,1,1
-850705597,-1826574735,NA,1,"promotion_created",2021-12-18 00:32:56.62,2,NA,NA
-850705597,-1826574735,NA,21,"catalog_(mail)",2021-12-22,3,NA,NA
-850705597,-1826574735,NA,1,"promotion_created",2022-02-01 07:25:01.59,4,NA,NA
-850705597,-1826574735,NA,1,"promotion_created",2022-02-11 20:49:13.153,5,NA,NA
-850705597,-1826574735,NA,21,"catalog_(mail)",2022-02-14,6,NA,NA
-850705597,-1826574735,NA,1,"promotion_created",2022-03-01 12:05:25.39,7,NA,NA
-850705597,-1826574735,NA,1,"promotion_created",2022-04-12 12:15:12.96,8,NA,NA
-850705597,-1826574735,NA,1,"promotion_created",2022-05-03 07:21:58.593,9,NA,NA
-850705597,-1826574735,NA,21,"catalog_(mail)",2022-06-13,10,NA,NA
